symbol,trader_id,quantity,price,timestamp,order_type,is_anomaly_label,anomaly_type
GOOGL,T006,431,141.46323961653644,2024-01-01 08:41:00,SELL,0,normal
MSFT,T008,214,378.6925571456539,2024-01-01 12:17:00,BUY,0,normal
NVDA,T002,441,823.9887361718886,2024-01-01 12:20:00,SELL,0,normal
GOOGL,T015,425,137.49776012131431,2024-01-01 11:00:00,BUY,0,normal
GOOGL,T011,413,141.14803035129697,2024-01-01 06:51:00,SELL,0,normal
TSLA,T017,84,254.05136077238305,2024-01-01 11:18:00,BUY,0,normal
MSFT,T003,191,369.48872980785086,2024-01-01 10:26:00,SELL,0,normal
NVDA,T007,111,787.6015807030943,2024-01-01 08:33:00,SELL,0,normal
NVDA,T012,356,799.9039179580716,2024-01-01 14:19:00,BUY,0,normal
TSLA,T020,470,256.96778329208803,2024-01-01 02:16:00,SELL,0,normal
JPM,T018,29,191.3508194690198,2024-01-01 13:31:00,SELL,0,normal
MSFT,T009,295,374.0931382542463,2024-01-01 01:16:00,SELL,0,normal
GOOGL,T016,255,141.7941275232223,2024-01-01 10:36:00,BUY,0,normal
AMZN,T010,223,185.4377591211747,2024-01-01 16:13:00,BUY,0,normal
AMZN,T010,400,183.11061771302167,2024-01-01 15:38:00,BUY,0,normal
TSLA,T003,228,250.3216481523699,2024-01-01 14:59:00,BUY,0,normal
MSFT,T006,119,383.20201403596303,2024-01-01 04:40:00,SELL,0,normal
GOOGL,T008,246,140.4054958700088,2024-01-01 14:43:00,SELL,0,normal
TSLA,T015,337,252.33189089080005,2024-01-01 12:41:00,BUY,0,normal
NVDA,T001,339,779.731744012402,2024-01-01 05:19:00,BUY,0,normal
META,T019,69,496.21154008647056,2024-01-01 09:09:00,BUY,0,normal
META,T007,225,490.5612581840746,2024-01-01 02:54:00,BUY,0,normal
META,T008,431,502.09948710782106,2024-01-01 06:11:00,BUY,0,normal
GOOGL,T010,37,138.61439377104313,2024-01-01 08:47:00,BUY,0,normal
MSFT,T009,20,385.580777154222,2024-01-01 03:30:00,SELL,0,normal
META,T003,409,514.598862405897,2024-01-01 03:55:00,BUY,0,normal
GOOGL,T020,285,140.57260575084746,2024-01-01 01:41:00,BUY,0,normal
JPM,T010,8716,196.7645035010152,2024-01-15 00:30:00,BUY,1,volume_spike
GOOGL,T004,419,138.36603714391782,2024-01-01 15:02:00,BUY,0,normal
GOOGL,T003,474,140.23214542907763,2024-01-01 15:47:00,SELL,0,normal
JPM,T014,169,198.04693371666002,2024-01-01 05:46:00,SELL,0,normal
AMZN,T010,130,184.25092308499026,2024-01-01 02:19:00,BUY,0,normal
AMZN,T015,236,188.91411218133788,2024-01-01 10:21:00,SELL,0,normal
AMZN,T009,39,185.10911706323327,2024-01-01 08:19:00,SELL,0,normal
MSFT,T002,41,369.33299920190495,2024-01-01 06:10:00,BUY,0,normal
MSFT,T006,408,369.75222054122133,2024-01-01 03:18:00,SELL,0,normal
TSLA,T014,395,246.6388576306122,2024-01-01 11:27:00,SELL,0,normal
AMZN,T012,404,183.0453040161841,2024-01-01 09:44:00,SELL,0,normal
AAPL,T006,466,173.18243269470838,2024-01-01 15:01:00,BUY,0,normal
META,T017,235,493.20289106380017,2024-01-01 00:59:00,SELL,0,normal
GOOGL,T009,468,140.455998920102,2024-01-01 05:28:00,BUY,0,normal
GOOGL,T015,370,136.48169360356076,2024-01-01 01:36:00,SELL,0,normal
AAPL,T009,155,172.4873897040274,2024-01-01 05:12:00,BUY,0,normal
GOOGL,T020,405,139.84355333699793,2024-01-01 16:14:00,SELL,0,normal
AAPL,T018,496,178.43617325370272,2024-01-01 04:59:00,SELL,0,normal
NVDA,T012,142,801.517420097381,2024-01-01 04:37:00,BUY,0,normal
GOOGL,T007,184,140.79959055785358,2024-01-01 15:24:00,SELL,0,normal
NVDA,T005,185,797.5161130185797,2024-01-01 10:01:00,BUY,0,normal
AMZN,T010,370,189.36288258076112,2024-01-01 07:19:00,BUY,0,normal
GOOGL,T006,288,139.42166803998535,2024-01-01 13:57:00,SELL,0,normal
JPM,T006,458,192.4822487872037,2024-01-01 09:30:00,SELL,0,normal
META,T015,486,485.71269519371555,2024-01-01 14:39:00,BUY,0,normal
GOOGL,T016,85,136.22739817017813,2024-01-01 04:21:00,BUY,0,normal
JPM,T020,270,190.86689582852952,2024-01-01 09:38:00,BUY,0,normal
JPM,T018,377,198.29655745661518,2024-01-01 00:23:00,SELL,0,normal
AMZN,T006,270,186.90758149361614,2024-01-01 00:30:00,BUY,0,normal
MSFT,T015,231,376.5540228666579,2024-01-01 10:17:00,SELL,0,normal
TSLA,T007,416,248.82649094071843,2024-01-01 00:10:00,SELL,0,normal
AMZN,T010,127,189.58600662885402,2024-01-01 03:41:00,SELL,0,normal
AAPL,T002,162,179.9567368598743,2024-01-01 13:40:00,SELL,0,normal
NVDA,T014,400,823.5115073218341,2024-01-01 04:56:00,SELL,0,normal
AMZN,T002,327,187.31054884765325,2024-01-01 00:54:00,BUY,0,normal
GOOGL,T004,379,136.9742157599469,2024-01-01 09:02:00,SELL,0,normal
NVDA,T001,489,801.3179662434828,2024-01-01 03:29:00,BUY,0,normal
NVDA,T013,225,794.7146945058853,2024-01-01 10:04:00,SELL,0,normal
JPM,T006,494,193.7449996415905,2024-01-01 11:32:00,SELL,0,normal
AAPL,T009,60,180.15350253828677,2024-01-01 11:02:00,SELL,0,normal
NVDA,T009,187,817.6753491335792,2024-01-01 14:26:00,BUY,0,normal
NVDA,T011,282,815.3867399667133,2024-01-01 01:10:00,SELL,0,normal
GOOGL,T004,62,139.5050504087852,2024-01-01 09:03:00,SELL,0,normal
META,T020,454,510.4351060167096,2024-01-01 01:47:00,SELL,0,normal
TSLA,T005,240,244.80369668629172,2024-01-01 08:13:00,SELL,0,normal
NVDA,T002,330,821.3799954771175,2024-01-01 09:50:00,BUY,0,normal
NVDA,T015,399,797.8569018292874,2024-01-01 12:21:00,BUY,0,normal
JPM,T019,129,191.62773431255582,2024-01-01 04:52:00,BUY,0,normal
AMZN,T001,217,189.68306232214115,2024-01-01 04:49:00,BUY,0,normal
GOOGL,T002,98,138.14658042242732,2024-01-01 10:52:00,SELL,0,normal
META,T003,147,507.35611528343026,2024-01-01 00:39:00,BUY,0,normal
NVDA,T020,72,778.4826315999868,2024-01-01 09:49:00,BUY,0,normal
TSLA,T005,366,249.21089127688165,2024-01-01 05:07:00,SELL,0,normal
JPM,T006,427,190.24126959229463,2024-01-01 11:19:00,BUY,0,normal
JPM,T005,310,198.30187098463324,2024-01-01 01:06:00,BUY,0,normal
AMZN,T002,397,186.50471992951304,2024-01-01 04:35:00,BUY,0,normal
MSFT,T013,475,385.6541749401158,2024-01-01 01:07:00,BUY,0,normal
JPM,T011,190,199.16999267867217,2024-01-01 05:18:00,BUY,0,normal
TSLA,T001,209,251.71579159802775,2024-01-01 09:08:00,BUY,0,normal
META,T014,119,500.0489545326945,2024-01-20 00:16:00,SELL,1,wash_trade
JPM,T004,466,195.30958306042965,2024-01-01 11:54:00,SELL,0,normal
JPM,T018,265,191.37352902672728,2024-01-01 12:33:00,BUY,0,normal
AAPL,T005,412,172.79325819541964,2024-01-01 05:27:00,SELL,0,normal
JPM,T008,277,195.0024528969662,2024-01-01 06:22:00,SELL,0,normal
JPM,T004,34,192.66318137206756,2024-01-01 07:31:00,SELL,0,normal
GOOGL,T005,98,138.65378196109185,2024-01-01 08:42:00,BUY,0,normal
AMZN,T017,316,185.9173522773914,2024-01-01 03:38:00,SELL,0,normal
META,T010,406,508.81017872769286,2024-01-01 13:07:00,BUY,0,normal
TSLA,T013,473,249.14277281847853,2024-01-01 07:16:00,SELL,0,normal
MSFT,T005,397,385.6661298451626,2024-01-01 12:44:00,SELL,0,normal
NVDA,T007,377,806.8639243203601,2024-01-01 01:28:00,SELL,0,normal
JPM,T008,303,197.39882989933307,2024-01-01 01:03:00,BUY,0,normal
META,T001,148,506.85445600705793,2024-01-01 13:46:00,SELL,0,normal
TSLA,T010,481,254.77341028940887,2024-01-01 11:56:00,SELL,0,normal
AAPL,T015,43,174.91403210483557,2024-01-01 05:51:00,BUY,0,normal
GOOGL,T006,333,140.46937020095638,2024-01-01 15:36:00,SELL,0,normal
META,T001,230,495.4482765038437,2024-01-01 04:16:00,SELL,0,normal
META,T004,91,506.31077576068486,2024-01-01 10:35:00,SELL,0,normal
NVDA,T012,381,776.6779872068876,2024-01-01 10:44:00,BUY,0,normal
JPM,T017,60,194.49160367903042,2024-01-01 09:14:00,BUY,0,normal
AMZN,T005,195,187.85657870341308,2024-01-01 15:59:00,SELL,0,normal
MSFT,T014,41,374.2059633837153,2024-01-01 02:48:00,BUY,0,normal
NVDA,T018,468,778.1542554788613,2024-01-01 15:17:00,SELL,0,normal
JPM,T018,267,199.0446829875696,2024-01-01 08:48:00,BUY,0,normal
META,T006,420,494.22885456272394,2024-01-01 13:43:00,SELL,0,normal
NVDA,T003,5503,798.5184049746616,2024-01-15 00:25:00,SELL,1,volume_spike
AAPL,T020,265,179.0743019613893,2024-01-01 13:36:00,BUY,0,normal
AAPL,T019,231,179.51503514722452,2024-01-01 01:26:00,SELL,0,normal
NVDA,T006,312,816.7420214305323,2024-01-01 07:12:00,BUY,0,normal
AMZN,T011,187,189.92616188595122,2024-01-01 03:04:00,SELL,0,normal
MSFT,T014,452,381.89190437509484,2024-01-01 16:18:00,SELL,0,normal
TSLA,T005,215,244.23848297978873,2024-01-01 08:54:00,SELL,0,normal
TSLA,T016,154,244.30165945152078,2024-01-01 04:54:00,BUY,0,normal
TSLA,T013,65,249.66473154359457,2024-01-01 14:52:00,BUY,0,normal
GOOGL,T004,438,137.28681185341927,2024-01-01 07:05:00,BUY,0,normal
NVDA,T008,101,782.8209884408789,2024-01-01 11:53:00,BUY,0,normal
NVDA,T011,473,821.367117808197,2024-01-01 04:20:00,BUY,0,normal
AMZN,T015,431,184.0273615486992,2024-01-01 03:57:00,SELL,0,normal
NVDA,T013,498,804.4887484372251,2024-01-01 09:19:00,SELL,0,normal
AAPL,T019,196,178.59787352804108,2024-01-01 09:43:00,SELL,0,normal
META,T017,415,491.08371357827474,2024-01-01 07:25:00,BUY,0,normal
NVDA,T011,472,793.7394371051244,2024-01-01 14:27:00,BUY,0,normal
AAPL,T001,75,176.35395418020917,2024-01-01 13:20:00,SELL,0,normal
META,T013,298,500.1363571911182,2024-01-01 09:59:00,BUY,0,normal
TSLA,T020,102,256.28868373325844,2024-01-01 14:09:00,BUY,0,normal
TSLA,T020,313,253.6910196843905,2024-01-01 04:25:00,BUY,0,normal
NVDA,T001,109,800.4653842093811,2024-01-20 00:10:00,BUY,1,wash_trade
JPM,T014,185,195.2348413734594,2024-01-01 08:49:00,SELL,0,normal
AAPL,T015,166,171.58939596248803,2024-01-01 00:55:00,BUY,0,normal
AMZN,T010,415,181.61655938098707,2024-01-01 02:00:00,SELL,0,normal
MSFT,T013,383,374.034118469455,2024-01-01 03:35:00,BUY,0,normal
META,T019,398,504.1381023273993,2024-01-01 00:25:00,BUY,0,normal
AMZN,T011,54,183.45499723173444,2024-01-01 01:12:00,SELL,0,normal
AAPL,T017,400,179.14422281211205,2024-01-01 00:44:00,BUY,0,normal
AMZN,T020,421,186.18062752639244,2024-01-01 04:07:00,SELL,0,normal
JPM,T004,59,195.7471901206144,2024-01-01 12:01:00,BUY,0,normal
AMZN,T019,335,181.68703822685544,2024-01-01 04:41:00,SELL,0,normal
JPM,T019,53,199.52011744001638,2024-01-01 14:53:00,SELL,0,normal
TSLA,T003,197,243.2087550828473,2024-01-01 15:14:00,SELL,0,normal
AAPL,T012,333,174.16233602984062,2024-01-01 13:30:00,BUY,0,normal
META,T009,232,494.03961072987846,2024-01-01 04:04:00,SELL,0,normal
GOOGL,T010,383,140.92838483539612,2024-01-01 13:42:00,SELL,0,normal
AAPL,T009,183,172.9804873969798,2024-01-01 05:21:00,SELL,0,normal
AMZN,T001,285,186.25551455083496,2024-01-01 10:43:00,SELL,0,normal
TSLA,T015,277,245.4324374109488,2024-01-01 02:38:00,BUY,0,normal
TSLA,T011,363,248.56414684495672,2024-01-01 16:17:00,BUY,0,normal
META,T006,437,486.64804967593005,2024-01-01 07:09:00,BUY,0,normal
AMZN,T011,402,190.2679535870873,2024-01-01 15:41:00,SELL,0,normal
META,T019,60,508.29945307666145,2024-01-01 07:42:00,SELL,0,normal
AAPL,T013,488,174.66035075072722,2024-01-01 05:09:00,BUY,0,normal
TSLA,T009,142,248.88956447219275,2024-01-01 11:37:00,SELL,0,normal
JPM,T015,158,192.75749848624827,2024-01-01 01:00:00,BUY,0,normal
NVDA,T017,233,796.4597217526427,2024-01-01 14:44:00,SELL,0,normal
NVDA,T007,60,820.645064924006,2024-01-01 09:55:00,BUY,0,normal
AMZN,T008,29,183.00378675471086,2024-01-01 12:47:00,SELL,0,normal
NVDA,T003,415,787.5319495174228,2024-01-01 10:49:00,SELL,0,normal
AMZN,T012,485,182.4903584715271,2024-01-01 10:50:00,SELL,0,normal
META,T013,422,505.69285545332264,2024-01-01 14:25:00,SELL,0,normal
JPM,T020,312,198.09765324881198,2024-01-01 11:08:00,BUY,0,normal
MSFT,T001,10,371.62195944569226,2024-01-01 04:58:00,SELL,0,normal
NVDA,T015,172,778.0379817357488,2024-01-01 11:29:00,SELL,0,normal
GOOGL,T020,97,137.8693588309791,2024-01-01 05:14:00,SELL,0,normal
META,T005,167,490.0914231529568,2024-01-01 05:10:00,BUY,0,normal
JPM,T003,27,200.40773986585603,2024-01-01 06:01:00,BUY,0,normal
AAPL,T011,42,179.46210596342294,2024-01-01 07:59:00,SELL,0,normal
MSFT,T011,102,388.8896973612492,2024-01-01 01:50:00,SELL,0,normal
MSFT,T011,6285,380.130523147554,2024-01-15 00:45:00,SELL,1,volume_spike
MSFT,T013,389,381.14737592990616,2024-01-01 08:06:00,BUY,0,normal
JPM,T012,329,191.26634783476845,2024-01-01 06:03:00,BUY,0,normal
META,T013,66,499.86815234603426,2024-01-01 04:14:00,SELL,0,normal
TSLA,T001,104,248.44654353047218,2024-01-01 04:19:00,SELL,0,normal
TSLA,T001,188,253.81855443159446,2024-01-01 13:22:00,BUY,0,normal
AAPL,T018,374,180.1898263812145,2024-01-01 11:17:00,SELL,0,normal
MSFT,T020,416,385.46675660570827,2024-01-01 08:14:00,SELL,0,normal
JPM,T004,468,199.62740355320355,2024-01-01 11:10:00,SELL,0,normal
META,T003,411,504.24683977893056,2024-01-01 06:17:00,SELL,0,normal
JPM,T019,129,192.4859320848577,2024-01-01 08:46:00,SELL,0,normal
AAPL,T019,484,172.76846669475844,2024-01-01 14:05:00,BUY,0,normal
AAPL,T012,431,172.52827485613466,2024-01-01 02:17:00,SELL,0,normal
JPM,T020,10,189.99064892518894,2024-01-01 05:55:00,BUY,0,normal
TSLA,T020,413,243.9278130750546,2024-01-01 06:05:00,SELL,0,normal
JPM,T017,432,194.0278766796093,2024-01-01 15:42:00,SELL,0,normal
GOOGL,T003,438,138.44362655870907,2024-01-01 12:29:00,SELL,0,normal
JPM,T004,72,189.93827937005616,2024-01-01 15:48:00,SELL,0,normal
AAPL,T020,419,177.4096984225403,2024-01-01 13:49:00,BUY,0,normal
NVDA,T004,496,792.2723715489382,2024-01-01 10:56:00,BUY,0,normal
JPM,T001,173,199.29885541194625,2024-01-01 03:19:00,BUY,0,normal
AMZN,T015,384,182.6451891241345,2024-01-01 03:33:00,BUY,0,normal
JPM,T018,89,195.55320924209707,2024-01-01 06:48:00,BUY,0,normal
MSFT,T016,125,371.67981926255953,2024-01-01 05:32:00,BUY,0,normal
MSFT,T012,468,388.5882615635388,2024-01-01 03:28:00,BUY,0,normal
AMZN,T001,201,181.46266819230095,2024-01-01 10:13:00,SELL,0,normal
TSLA,T009,494,247.20770158167468,2024-01-01 01:18:00,SELL,0,normal
AMZN,T011,462,186.80407849746484,2024-01-01 00:29:00,BUY,0,normal
GOOGL,T019,110,143.23478110110514,2024-01-01 08:55:00,SELL,0,normal
MSFT,T020,286,374.7637741280302,2024-01-01 11:35:00,BUY,0,normal
JPM,T003,267,193.57070043705605,2024-01-01 09:17:00,BUY,0,normal
NVDA,T005,436,801.0422822809204,2024-01-01 13:56:00,BUY,0,normal
TSLA,T011,401,250.03619490446405,2024-01-01 09:56:00,SELL,0,normal
NVDA,T010,135,795.7684851344468,2024-01-01 02:45:00,SELL,0,normal
MSFT,T015,436,385.65601786702155,2024-01-01 15:18:00,BUY,0,normal
AMZN,T007,243,180.2826921116021,2024-01-01 08:15:00,BUY,0,normal
TSLA,T003,456,246.98687716249785,2024-01-01 13:44:00,BUY,0,normal
MSFT,T004,241,379.56960672019983,2024-01-01 01:05:00,BUY,0,normal
GOOGL,T002,337,142.31664512607156,2024-01-01 02:21:00,BUY,0,normal
JPM,T005,85,200.74756214923832,2024-01-01 15:25:00,SELL,0,normal
JPM,T010,39,189.65515013316556,2024-01-01 13:47:00,BUY,0,normal
TSLA,T011,337,248.27751606033954,2024-01-01 10:55:00,SELL,0,normal
MSFT,T007,167,382.8168572278546,2024-01-01 05:31:00,BUY,0,normal
TSLA,T003,461,250.0632903330665,2024-01-01 11:04:00,BUY,0,normal
AAPL,T006,77,178.4607517953999,2024-01-01 04:09:00,SELL,0,normal
GOOGL,T009,87,140.8578028914008,2024-01-01 15:07:00,SELL,0,normal
AMZN,T019,47,182.29961155304034,2024-01-01 11:48:00,SELL,0,normal
GOOGL,T001,56,140.18585078038646,2024-01-01 05:05:00,BUY,0,normal
GOOGL,T013,468,138.51543342866688,2024-01-01 12:14:00,SELL,0,normal
GOOGL,T009,122,140.60118618985643,2024-01-01 16:15:00,BUY,0,normal
NVDA,T007,319,785.4880151482226,2024-01-01 00:49:00,BUY,0,normal
TSLA,T005,288,246.4497592338473,2024-01-01 14:56:00,SELL,0,normal
META,T011,79,488.2193708849756,2024-01-01 00:02:00,SELL,0,normal
NVDA,T013,34,795.8889810557293,2024-01-01 09:04:00,BUY,0,normal
TSLA,T009,147,256.4195591224874,2024-01-01 05:50:00,BUY,0,normal
AMZN,T013,52,183.50202444042083,2024-01-01 15:04:00,BUY,0,normal
AMZN,T010,402,184.88084361822183,2024-01-01 08:56:00,BUY,0,normal
JPM,T018,458,198.85807394846145,2024-01-01 05:44:00,BUY,0,normal
TSLA,T011,174,250.05520365971674,2024-01-20 00:08:00,BUY,1,wash_trade
NVDA,T007,10,776.5784894247644,2024-01-01 08:01:00,SELL,0,normal
MSFT,T004,489,369.56549139917047,2024-01-01 09:35:00,SELL,0,normal
TSLA,T007,323,248.87622651271195,2024-01-01 00:33:00,SELL,0,normal
GOOGL,T016,224,143.86893048505567,2024-01-01 00:31:00,SELL,0,normal
NVDA,T016,210,823.240892717504,2024-01-01 03:51:00,BUY,0,normal
GOOGL,T001,274,138.50869187608694,2024-01-01 16:03:00,BUY,0,normal
TSLA,T008,429,254.2435791125759,2024-01-01 03:12:00,BUY,0,normal
NVDA,T018,376,809.2899425401627,2024-01-01 05:33:00,BUY,0,normal
AMZN,T013,410,184.9738894962557,2024-01-01 00:03:00,SELL,0,normal
AMZN,T009,477,188.11730573516144,2024-01-01 03:24:00,BUY,0,normal
JPM,T009,61,196.38832915965492,2024-01-01 08:34:00,BUY,0,normal
AMZN,T014,220,189.0999162783516,2024-01-01 13:19:00,BUY,0,normal
MSFT,T019,344,384.8506930177577,2024-01-01 05:06:00,SELL,0,normal
META,T003,215,511.1873604916125,2024-01-01 01:49:00,BUY,0,normal
AAPL,T002,232,175.8581366285665,2024-01-01 07:10:00,SELL,0,normal
GOOGL,T016,29,142.11495795753856,2024-01-01 01:17:00,BUY,0,normal
META,T016,146,492.0799178786165,2024-01-01 01:24:00,BUY,0,normal
GOOGL,T002,292,136.9846293195801,2024-01-01 04:46:00,SELL,0,normal
GOOGL,T003,375,138.34490288223333,2024-01-01 01:22:00,BUY,0,normal
AMZN,T007,161,184.8374616583027,2024-01-20 00:02:00,BUY,1,wash_trade
AAPL,T004,487,174.2555381504272,2024-01-01 13:09:00,BUY,0,normal
META,T009,364,504.9564189681236,2024-01-01 14:54:00,BUY,0,normal
MSFT,T011,316,380.6507514198879,2024-01-01 06:38:00,BUY,0,normal
JPM,T018,395,197.21014699369977,2024-01-01 05:23:00,SELL,0,normal
TSLA,T017,75,244.75897430864504,2024-01-01 08:39:00,SELL,0,normal
TSLA,T012,335,257.3077949806254,2024-01-01 15:16:00,BUY,0,normal
AMZN,T015,285,183.43716880967187,2024-01-01 15:22:00,SELL,0,normal
NVDA,T014,373,800.3932599093557,2024-01-01 00:05:00,SELL,0,normal
AMZN,T010,307,189.85127088044263,2024-01-01 12:11:00,SELL,0,normal
JPM,T001,284,190.35273304489357,2024-01-01 07:45:00,BUY,0,normal
META,T004,371,485.47416666320396,2024-01-01 01:37:00,SELL,0,normal
AMZN,T018,440,189.28132739652784,2024-01-01 04:26:00,SELL,0,normal
JPM,T006,223,194.7846215937107,2024-01-01 05:57:00,BUY,0,normal
AMZN,T011,316,185.75197614994065,2024-01-01 14:28:00,BUY,0,normal
MSFT,T007,186,385.0942351990022,2024-01-01 13:18:00,SELL,0,normal
AAPL,T002,217,172.1721308159425,2024-01-01 06:20:00,SELL,0,normal
MSFT,T003,195,371.5811413449801,2024-01-01 10:31:00,SELL,0,normal
JPM,T002,203,199.74776467909686,2024-01-01 06:21:00,SELL,0,normal
JPM,T018,421,196.34241990700298,2024-01-01 08:10:00,BUY,0,normal
GOOGL,T001,136,138.28891689580928,2024-01-01 01:58:00,SELL,0,normal
AAPL,T008,104,174.6033932665085,2024-01-01 15:00:00,BUY,0,normal
GOOGL,T017,352,136.00538706340893,2024-01-01 04:10:00,BUY,0,normal
NVDA,T007,166,779.4197349135964,2024-01-01 08:43:00,BUY,0,normal
AAPL,T016,84,174.76843909776824,2024-01-01 00:09:00,SELL,0,normal
MSFT,T007,226,387.9430811925926,2024-01-01 03:16:00,SELL,0,normal
GOOGL,T009,210,142.9859930527102,2024-01-01 10:03:00,SELL,0,normal
AMZN,T014,447,184.32092089000162,2024-01-01 01:21:00,SELL,0,normal
AAPL,T013,474,175.9189546718363,2024-01-01 13:03:00,BUY,0,normal
AAPL,T013,296,174.73620678299488,2024-01-01 09:47:00,SELL,0,normal
AMZN,T004,320,185.08521467182572,2024-01-01 13:17:00,SELL,0,normal
META,T009,92,493.52153931579545,2024-01-01 03:59:00,SELL,0,normal
NVDA,T008,258,791.9438262897656,2024-01-01 04:50:00,SELL,0,normal
META,T006,375,509.6151783157581,2024-01-01 03:31:00,SELL,0,normal
AMZN,T003,440,185.9341998559346,2024-01-01 11:57:00,BUY,0,normal
META,T009,389,499.8051974130902,2024-01-01 05:59:00,BUY,0,normal
MSFT,T016,23,390.3317830620056,2024-01-01 07:29:00,SELL,0,normal
TSLA,T015,136,254.42848387874068,2024-01-01 03:47:00,SELL,0,normal
AAPL,T002,64,171.0503586604054,2024-01-01 15:50:00,BUY,0,normal
JPM,T008,316,191.91941333596125,2024-01-01 15:46:00,BUY,0,normal
JPM,T007,443,197.9427788552689,2024-01-01 13:16:00,BUY,0,normal
META,T001,115,514.0837575117677,2024-01-01 08:21:00,SELL,0,normal
AAPL,T003,180,177.22291111965356,2024-01-01 07:44:00,BUY,0,normal
GOOGL,T003,175,139.5848422942474,2024-01-01 06:02:00,SELL,0,normal
GOOGL,T015,379,137.8627547259994,2024-01-01 07:48:00,SELL,0,normal
JPM,T011,273,192.0430248720295,2024-01-01 15:35:00,SELL,0,normal
AAPL,T001,478,170.43194118170442,2024-01-01 07:08:00,BUY,0,normal
META,T007,239,514.8444467848883,2024-01-01 00:07:00,SELL,0,normal
META,T002,109,507.41227401889654,2024-01-01 02:35:00,SELL,0,normal
AAPL,T015,58,172.75923453159504,2024-01-01 09:01:00,SELL,0,normal
JPM,T019,13,189.27889500839547,2024-01-01 07:20:00,BUY,0,normal
MSFT,T001,14,385.99683996650987,2024-01-01 08:02:00,BUY,0,normal
NVDA,T006,459,802.5910940392092,2024-01-01 07:02:00,SELL,0,normal
MSFT,T012,251,377.4499074283799,2024-01-01 12:58:00,SELL,0,normal
MSFT,T020,180,389.8373319882427,2024-01-01 15:49:00,BUY,0,normal
AMZN,T019,360,186.93972895582047,2024-01-01 05:34:00,BUY,0,normal
JPM,T018,169,194.35577180401597,2024-01-01 09:36:00,BUY,0,normal
AMZN,T007,137,188.39407695159957,2024-01-01 15:34:00,BUY,0,normal
GOOGL,T017,474,135.98705809328865,2024-01-01 09:27:00,BUY,0,normal
MSFT,T003,491,378.2593367485538,2024-01-01 09:54:00,SELL,0,normal
TSLA,T007,177,255.14097953209708,2024-01-01 08:50:00,SELL,0,normal
NVDA,T006,485,776.7790619044387,2024-01-01 09:41:00,BUY,0,normal
TSLA,T009,483,254.85868541576195,2024-01-01 11:47:00,SELL,0,normal
TSLA,T006,237,251.49140212869904,2024-01-01 07:28:00,BUY,0,normal
AAPL,T012,304,173.5264960834994,2024-01-01 07:33:00,BUY,0,normal
TSLA,T006,236,256.9093942844325,2024-01-01 03:48:00,SELL,0,normal
MSFT,T009,259,380.653391868869,2024-01-01 05:52:00,SELL,0,normal
AMZN,T005,322,182.319984677451,2024-01-01 12:08:00,BUY,0,normal
NVDA,T004,498,811.9689373615523,2024-01-01 03:32:00,SELL,0,normal
META,T007,230,493.184129904375,2024-01-01 01:19:00,SELL,0,normal
NVDA,T012,147,823.7157330777143,2024-01-01 02:28:00,BUY,0,normal
AAPL,T008,25,176.37457608161287,2024-01-01 05:02:00,SELL,0,normal
TSLA,T005,485,244.35907081661315,2024-01-01 10:28:00,BUY,0,normal
AAPL,T013,102,176.33299957453883,2024-01-01 12:57:00,BUY,0,normal
TSLA,T004,157,249.45883429165076,2024-01-01 08:26:00,SELL,0,normal
TSLA,T011,289,253.64359464787123,2024-01-01 05:42:00,SELL,0,normal
GOOGL,T003,448,143.9539653540482,2024-01-01 08:05:00,SELL,0,normal
TSLA,T018,429,257.0138953899621,2024-01-01 11:51:00,BUY,0,normal
TSLA,T006,106,254.717108140464,2024-01-01 02:13:00,BUY,0,normal
GOOGL,T016,253,137.07513455786219,2024-01-01 11:43:00,BUY,0,normal
META,T018,165,508.8971518940808,2024-01-01 05:11:00,BUY,0,normal
NVDA,T014,200,810.6099466240029,2024-01-01 12:02:00,BUY,0,normal
MSFT,T003,179,374.0370349167189,2024-01-01 10:29:00,BUY,0,normal
AAPL,T012,421,179.58503176458385,2024-01-01 00:00:00,BUY,0,normal
META,T006,112,494.90603886793195,2024-01-01 05:16:00,SELL,0,normal
AAPL,T009,127,174.0907865660935,2024-01-01 11:46:00,BUY,0,normal
TSLA,T003,313,242.98065384067266,2024-01-01 09:07:00,BUY,0,normal
AAPL,T010,157,177.39274936598449,2024-01-01 14:32:00,BUY,0,normal
GOOGL,T015,465,143.80499135710485,2024-01-01 08:52:00,BUY,0,normal
AAPL,T010,341,179.51051561345582,2024-01-01 07:57:00,BUY,0,normal
AMZN,T008,382,189.50778559949353,2024-01-01 06:44:00,BUY,0,normal
NVDA,T009,264,798.475107473292,2024-01-01 02:52:00,BUY,0,normal
TSLA,T004,331,252.71994209034537,2024-01-01 02:05:00,BUY,0,normal
META,T018,161,504.17081630794024,2024-01-01 06:34:00,SELL,0,normal
JPM,T018,97,191.81605310266815,2024-01-01 07:00:00,BUY,0,normal
NVDA,T019,481,776.6613130541143,2024-01-01 09:12:00,SELL,0,normal
JPM,T017,309,192.08497883236492,2024-01-01 15:03:00,SELL,0,normal
AMZN,T014,94,190.53700897440362,2024-01-01 01:30:00,SELL,0,normal
TSLA,T011,108,256.47916553844993,2024-01-01 15:39:00,SELL,0,normal
GOOGL,T010,438,138.1027289069843,2024-01-01 03:01:00,SELL,0,normal
AMZN,T013,298,187.33118736860632,2024-01-01 04:34:00,BUY,0,normal
TSLA,T003,47,252.778219290492,2024-01-01 14:55:00,BUY,0,normal
AMZN,T003,177,184.42547102819375,2024-01-01 01:09:00,SELL,0,normal
MSFT,T003,280,372.45627132832914,2024-01-01 04:51:00,SELL,0,normal
TSLA,T005,170,244.60083107034237,2024-01-01 02:11:00,SELL,0,normal
MSFT,T015,21,381.82947694173913,2024-01-01 05:00:00,BUY,0,normal
AMZN,T004,99,182.96161217643754,2024-01-01 07:04:00,SELL,0,normal
GOOGL,T006,453,140.57820396522828,2024-01-01 05:26:00,BUY,0,normal
JPM,T017,436,198.9209717556446,2024-01-01 02:24:00,SELL,0,normal
TSLA,T007,202,242.8173401713494,2024-01-01 07:03:00,BUY,0,normal
AAPL,T006,151,180.12029820144286,2024-01-01 09:40:00,SELL,0,normal
MSFT,T010,391,374.89752788680966,2024-01-01 02:15:00,BUY,0,normal
JPM,T010,269,194.9305441628428,2024-01-01 07:30:00,BUY,0,normal
AMZN,T007,375,190.3611576040486,2024-01-01 02:44:00,SELL,0,normal
TSLA,T015,113,247.71510452253855,2024-01-01 00:28:00,BUY,0,normal
META,T008,115,492.63647943881847,2024-01-01 12:53:00,SELL,0,normal
MSFT,T004,276,373.40930405754267,2024-01-01 03:13:00,SELL,0,normal
JPM,T020,108,192.0800671147631,2024-01-01 06:28:00,BUY,0,normal
JPM,T012,106,193.86830092028504,2024-01-01 14:12:00,BUY,0,normal
AAPL,T018,167,177.4130600861801,2024-01-01 02:49:00,SELL,0,normal
TSLA,T011,272,250.98685329061138,2024-01-01 11:45:00,BUY,0,normal
JPM,T001,457,192.1105065741773,2024-01-01 02:20:00,BUY,0,normal
META,T019,205,491.01687413964663,2024-01-01 02:53:00,SELL,0,normal
AAPL,T013,191,174.33500863805781,2024-01-01 00:06:00,BUY,0,normal
MSFT,T016,149,370.6009139271913,2024-01-01 12:25:00,BUY,0,normal
META,T006,423,485.5358287752554,2024-01-01 07:58:00,BUY,0,normal
GOOGL,T020,342,137.28138684190952,2024-01-01 01:13:00,SELL,0,normal
NVDA,T004,148,816.6879904639027,2024-01-01 15:10:00,SELL,0,normal
MSFT,T006,355,384.6461314355171,2024-01-01 13:33:00,SELL,0,normal
MSFT,T017,289,388.56229021522097,2024-01-01 03:58:00,BUY,0,normal
NVDA,T017,144,786.2275968511522,2024-01-01 02:25:00,BUY,0,normal
META,T008,295,498.7512887348454,2024-01-01 13:12:00,SELL,0,normal
AMZN,T002,332,184.71065338778266,2024-01-01 03:54:00,SELL,0,normal
GOOGL,T018,352,142.40988760418023,2024-01-01 03:40:00,SELL,0,normal
GOOGL,T005,34,135.89185165732957,2024-01-01 15:23:00,BUY,0,normal
AAPL,T004,176,173.02824986568183,2024-01-01 08:20:00,SELL,0,normal
AAPL,T004,404,176.86594045177193,2024-01-01 02:12:00,BUY,0,normal
META,T004,117,499.7412934516895,2024-01-20 00:00:00,BUY,1,wash_trade
NVDA,T013,229,794.5242219902343,2024-01-01 12:54:00,BUY,0,normal
AMZN,T003,227,183.91273055954346,2024-01-01 03:05:00,BUY,0,normal
NVDA,T002,40,785.5320158495027,2024-01-01 00:41:00,BUY,0,normal
META,T003,38,511.8122938614882,2024-01-01 11:36:00,SELL,0,normal
AMZN,T014,171,190.49254877119162,2024-01-01 01:48:00,SELL,0,normal
NVDA,T019,240,782.284222983032,2024-01-01 09:48:00,SELL,0,normal
TSLA,T019,212,247.8652394728896,2024-01-01 00:56:00,BUY,0,normal
TSLA,T005,52,254.47672517242086,2024-01-01 06:45:00,SELL,0,normal
GOOGL,T012,375,143.39279518588202,2024-01-01 07:22:00,SELL,0,normal
AMZN,T002,348,180.19542802285818,2024-01-01 12:37:00,SELL,0,normal
JPM,T005,160,194.92572196817366,2024-01-20 00:14:00,SELL,1,wash_trade
NVDA,T003,322,796.5521534484259,2024-01-01 00:24:00,BUY,0,normal
TSLA,T020,198,251.55108936231412,2024-01-01 07:47:00,SELL,0,normal
AAPL,T010,465,176.96910631865367,2024-01-01 08:59:00,SELL,0,normal
GOOGL,T005,139,139.54967173400715,2024-01-01 08:51:00,BUY,0,normal
AAPL,T017,484,177.2758933767179,2024-01-01 10:18:00,SELL,0,normal
AAPL,T015,426,178.9838232016207,2024-01-01 11:34:00,SELL,0,normal
TSLA,T006,467,246.36426134257744,2024-01-01 15:26:00,BUY,0,normal
GOOGL,T009,118,139.23589510918413,2024-01-01 05:38:00,SELL,0,normal
GOOGL,T004,202,140.2468873738208,2024-01-01 00:51:00,BUY,0,normal
GOOGL,T001,342,143.71757456264046,2024-01-01 08:27:00,SELL,0,normal
JPM,T012,265,192.16735990702918,2024-01-01 08:36:00,BUY,0,normal
NVDA,T011,29,804.422375595376,2024-01-01 15:20:00,SELL,0,normal
META,T009,57,508.1558162253178,2024-01-01 13:01:00,SELL,0,normal
JPM,T018,206,199.28932333619798,2024-01-01 04:24:00,BUY,0,normal
AAPL,T004,452,177.77420867059124,2024-01-01 13:37:00,SELL,0,normal
META,T016,398,508.5416606255405,2024-01-01 11:50:00,BUY,0,normal
JPM,T004,109,198.16118730849695,2024-01-01 11:22:00,SELL,0,normal
AMZN,T014,363,184.68520611593058,2024-01-01 13:52:00,SELL,0,normal
AMZN,T010,48,190.4091700815243,2024-01-01 08:38:00,SELL,0,normal
JPM,T019,358,197.6303568202884,2024-01-01 07:27:00,BUY,0,normal
NVDA,T020,37,819.0442578363536,2024-01-01 00:18:00,SELL,0,normal
NVDA,T014,301,784.1589690173978,2024-01-01 11:55:00,SELL,0,normal
NVDA,T002,114,822.5696754833525,2024-01-01 08:03:00,BUY,0,normal
META,T010,52,503.0411828843404,2024-01-01 09:28:00,SELL,0,normal
GOOGL,T016,118,137.1053358017611,2024-01-01 07:13:00,SELL,0,normal
MSFT,T015,92,378.44836107081096,2024-01-01 06:07:00,SELL,0,normal
NVDA,T015,377,793.7250963843665,2024-01-01 01:23:00,BUY,0,normal
META,T018,333,488.81828594987115,2024-01-01 01:01:00,SELL,0,normal
NVDA,T003,484,792.393836585678,2024-01-01 10:38:00,SELL,0,normal
GOOGL,T002,469,136.0283299213797,2024-01-01 04:32:00,SELL,0,normal
JPM,T001,417,195.91972877270655,2024-01-01 04:45:00,SELL,0,normal
NVDA,T011,58,798.4793856653279,2024-01-01 06:00:00,SELL,0,normal
JPM,T011,121,197.77892710638338,2024-01-01 05:54:00,BUY,0,normal
GOOGL,T009,313,138.75858494594704,2024-01-01 07:36:00,SELL,0,normal
AAPL,T011,243,174.7494051214493,2024-01-01 04:38:00,BUY,0,normal
META,T004,344,502.78869893448854,2024-01-01 00:12:00,BUY,0,normal
AMZN,T017,481,182.27748468630386,2024-01-01 03:02:00,BUY,0,normal
AAPL,T015,22,177.82704710363132,2024-01-01 06:08:00,SELL,0,normal
NVDA,T006,355,816.9742483110433,2024-01-01 14:41:00,BUY,0,normal
META,T004,171,492.9042628456795,2024-01-01 10:15:00,SELL,0,normal
GOOGL,T016,325,141.98679502869587,2024-01-01 03:43:00,SELL,0,normal
MSFT,T011,463,383.0176951574717,2024-01-01 09:32:00,SELL,0,normal
MSFT,T019,95,391.3468165453209,2024-01-01 16:10:00,SELL,0,normal
NVDA,T018,302,785.2612033516872,2024-01-01 10:53:00,SELL,0,normal
AAPL,T001,66,175.229702564233,2024-01-01 09:05:00,BUY,0,normal
AAPL,T005,478,174.50133328100603,2024-01-01 09:42:00,BUY,0,normal
AMZN,T014,56,189.84967089825358,2024-01-01 10:33:00,BUY,0,normal
META,T003,276,493.682891225242,2024-01-01 02:56:00,BUY,0,normal
META,T006,293,500.95471567333806,2024-01-01 11:05:00,SELL,0,normal
AAPL,T012,285,178.21718665235673,2024-01-01 11:13:00,SELL,0,normal
JPM,T010,204,194.7636424822353,2024-01-01 09:45:00,BUY,0,normal
AAPL,T004,277,172.7746296715825,2024-01-01 14:33:00,BUY,0,normal
TSLA,T009,237,250.40159847043464,2024-01-01 06:33:00,SELL,0,normal
AMZN,T017,308,187.11346169512208,2024-01-01 02:43:00,SELL,0,normal
NVDA,T004,124,807.607076882878,2024-01-01 04:08:00,BUY,0,normal
GOOGL,T002,159,140.89486964342674,2024-01-01 10:34:00,BUY,0,normal
META,T009,233,508.86576578685805,2024-01-01 14:45:00,SELL,0,normal
GOOGL,T017,28,142.89188780369255,2024-01-01 11:09:00,BUY,0,normal
AAPL,T010,274,176.32971178582355,2024-01-01 06:15:00,BUY,0,normal
MSFT,T020,39,377.90976491603215,2024-01-01 06:52:00,BUY,0,normal
META,T002,493,499.02453618285716,2024-01-01 01:14:00,SELL,0,normal
AMZN,T008,177,182.4257446635081,2024-01-01 01:53:00,SELL,0,normal
META,T003,25,492.765069117122,2024-01-01 09:58:00,SELL,0,normal
AMZN,T006,387,187.42369125122204,2024-01-01 16:01:00,SELL,0,normal
META,T018,274,502.47334224618135,2024-01-01 06:30:00,SELL,0,normal
NVDA,T005,298,781.2155409565886,2024-01-01 01:44:00,SELL,0,normal
TSLA,T007,351,251.59449097289072,2024-01-01 01:54:00,SELL,0,normal
AAPL,T014,77,171.73147820530366,2024-01-01 06:57:00,BUY,0,normal
MSFT,T005,186,385.7859714958822,2024-01-01 08:45:00,BUY,0,normal
META,T014,137,506.34228043129224,2024-01-01 07:37:00,SELL,0,normal
AAPL,T019,95,175.6381624329011,2024-01-01 06:49:00,BUY,0,normal
NVDA,T016,186,818.7094143939138,2024-01-01 01:32:00,SELL,0,normal
TSLA,T002,82,251.4466764904041,2024-01-01 15:30:00,BUY,0,normal
NVDA,T001,333,817.6242692771218,2024-01-01 01:29:00,SELL,0,normal
JPM,T015,92,190.01662546704287,2024-01-01 05:36:00,SELL,0,normal
META,T016,5565,512.9178281263072,2024-01-15 00:40:00,SELL,1,volume_spike
TSLA,T011,125,253.84112923642354,2024-01-01 15:21:00,SELL,0,normal
META,T016,457,511.7762448438526,2024-01-01 15:33:00,BUY,0,normal
TSLA,T007,221,250.46084936590353,2024-01-01 10:05:00,SELL,0,normal
JPM,T017,104,190.21121066325261,2024-01-01 09:53:00,BUY,0,normal
AMZN,T007,467,181.67203607949196,2024-01-01 10:11:00,SELL,0,normal
JPM,T010,360,198.4099824073492,2024-01-01 01:34:00,SELL,0,normal
JPM,T011,461,189.9318613300071,2024-01-01 00:11:00,SELL,0,normal
AAPL,T020,211,179.5458013137618,2024-01-01 06:36:00,BUY,0,normal
MSFT,T007,309,383.4381166455644,2024-01-01 08:53:00,SELL,0,normal
MSFT,T017,234,385.6377514443792,2024-01-01 00:43:00,SELL,0,normal
META,T018,204,503.8047494835263,2024-01-01 00:42:00,SELL,0,normal
TSLA,T018,214,251.82793045981512,2024-01-01 05:29:00,BUY,0,normal
GOOGL,T016,316,143.55611452889684,2024-01-01 02:47:00,BUY,0,normal
MSFT,T008,468,387.95670803584665,2024-01-01 08:17:00,BUY,0,normal
TSLA,T008,483,255.4382170061249,2024-01-01 14:36:00,BUY,0,normal
NVDA,T016,434,822.6144872865117,2024-01-01 09:57:00,BUY,0,normal
META,T011,222,506.15817228432957,2024-01-01 12:36:00,SELL,0,normal
NVDA,T019,448,795.5533946174227,2024-01-01 01:40:00,BUY,0,normal
NVDA,T007,476,807.4818973271764,2024-01-01 07:06:00,SELL,0,normal
JPM,T008,274,199.76897722926864,2024-01-01 02:58:00,SELL,0,normal
TSLA,T006,198,244.75059367372316,2024-01-01 07:24:00,BUY,0,normal
JPM,T013,428,190.6385437541344,2024-01-01 06:56:00,SELL,0,normal
AMZN,T002,462,181.3405418780413,2024-01-01 14:30:00,BUY,0,normal
AMZN,T017,384,182.05520872847603,2024-01-01 14:42:00,SELL,0,normal
META,T013,127,504.68688944315,2024-01-01 11:20:00,SELL,0,normal
GOOGL,T018,21,142.4869077600573,2024-01-01 02:57:00,BUY,0,normal
NVDA,T020,190,817.2785860976771,2024-01-01 06:35:00,SELL,0,normal
GOOGL,T005,488,137.79529964523897,2024-01-01 15:11:00,SELL,0,normal
NVDA,T008,329,780.4537017980834,2024-01-01 13:13:00,BUY,0,normal
GOOGL,T004,169,142.7568619609104,2024-01-01 16:00:00,SELL,0,normal
GOOGL,T011,231,140.86024612596816,2024-01-01 11:24:00,BUY,0,normal
GOOGL,T005,371,142.15118244078798,2024-01-01 06:23:00,SELL,0,normal
AMZN,T008,314,180.21169151390833,2024-01-01 15:56:00,BUY,0,normal
GOOGL,T019,21,139.60058197261196,2024-01-01 12:31:00,SELL,0,normal
AAPL,T003,499,178.83355243506182,2024-01-01 04:17:00,BUY,0,normal
TSLA,T010,25,244.79035200762132,2024-01-01 08:58:00,BUY,0,normal
NVDA,T006,402,808.7642298664103,2024-01-01 05:35:00,SELL,0,normal
NVDA,T013,34,778.4400061735269,2024-01-01 00:15:00,BUY,0,normal
JPM,T013,343,199.79462048597884,2024-01-01 05:24:00,SELL,0,normal
GOOGL,T001,294,136.12551118483879,2024-01-01 12:38:00,SELL,0,normal
META,T020,307,492.4017516043842,2024-01-01 03:42:00,SELL,0,normal
TSLA,T007,206,254.54080907932547,2024-01-01 02:59:00,SELL,0,normal
GOOGL,T016,9848,140.6203005370066,2024-01-15 00:15:00,SELL,1,volume_spike
GOOGL,T012,36,141.24474332920394,2024-01-01 00:22:00,SELL,0,normal
GOOGL,T013,52,140.13177448358456,2024-01-01 05:56:00,BUY,0,normal
TSLA,T007,489,247.21872353553763,2024-01-01 11:06:00,BUY,0,normal
JPM,T002,416,193.55780275504,2024-01-01 14:21:00,BUY,0,normal
META,T003,141,491.6710378369043,2024-01-01 05:40:00,BUY,0,normal
META,T012,104,485.6517036711227,2024-01-01 07:11:00,SELL,0,normal
AMZN,T001,427,180.65620337592736,2024-01-01 09:11:00,SELL,0,normal
GOOGL,T010,272,139.88278009631134,2024-01-01 13:53:00,BUY,0,normal
META,T009,457,488.8487977553336,2024-01-01 03:23:00,BUY,0,normal
META,T016,44,507.4133261806223,2024-01-01 10:30:00,SELL,0,normal
AMZN,T011,474,189.53555153676763,2024-01-01 01:33:00,SELL,0,normal
NVDA,T015,80,801.4611766209479,2024-01-01 09:18:00,SELL,0,normal
AAPL,T014,267,178.30826751029693,2024-01-01 01:08:00,BUY,0,normal
GOOGL,T017,152,140.60438525538612,2024-01-01 10:22:00,SELL,0,normal
AMZN,T005,358,183.3301560871176,2024-01-01 04:44:00,SELL,0,normal
AAPL,T016,94,173.4472649762181,2024-01-01 14:04:00,BUY,0,normal
AMZN,T012,241,186.1828863206693,2024-01-01 07:14:00,SELL,0,normal
MSFT,T016,456,370.6301577157112,2024-01-01 02:33:00,SELL,0,normal
AMZN,T020,424,183.80186624881142,2024-01-01 01:15:00,SELL,0,normal
META,T007,367,488.56032101236536,2024-01-01 12:10:00,BUY,0,normal
MSFT,T014,191,383.6476863686062,2024-01-01 07:26:00,BUY,0,normal
GOOGL,T020,425,139.15324054232542,2024-01-01 03:08:00,BUY,0,normal
AAPL,T009,44,172.17283620530577,2024-01-01 04:31:00,BUY,0,normal
META,T011,152,487.8142347202317,2024-01-01 03:56:00,BUY,0,normal
TSLA,T008,326,243.6723420982808,2024-01-01 08:07:00,SELL,0,normal
GOOGL,T016,225,140.47881496780417,2024-01-01 01:57:00,SELL,0,normal
AMZN,T009,312,185.41555706422912,2024-01-01 15:43:00,BUY,0,normal
NVDA,T001,213,816.882664772121,2024-01-01 08:32:00,SELL,0,normal
AAPL,T001,67,170.16499799624742,2024-01-01 13:45:00,BUY,0,normal
JPM,T008,167,192.25997013531827,2024-01-01 09:51:00,SELL,0,normal
AAPL,T005,369,171.7651721948164,2024-01-01 02:06:00,BUY,0,normal
AAPL,T017,237,173.36872930837197,2024-01-01 01:56:00,BUY,0,normal
AMZN,T005,164,181.41100349273148,2024-01-01 07:53:00,BUY,0,normal
JPM,T016,192,194.12370079430997,2024-01-01 11:33:00,SELL,0,normal
GOOGL,T001,365,139.8186013791281,2024-01-01 00:57:00,BUY,0,normal
NVDA,T017,488,782.6518664692383,2024-01-01 14:23:00,BUY,0,normal
AMZN,T018,410,181.12166659714362,2024-01-01 15:12:00,BUY,0,normal
NVDA,T012,81,811.2063892543921,2024-01-01 06:09:00,SELL,0,normal
TSLA,T007,151,250.46939132227908,2024-01-01 04:28:00,BUY,0,normal
AMZN,T002,222,180.67903927046615,2024-01-01 00:46:00,BUY,0,normal
GOOGL,T007,271,141.00564287078896,2024-01-01 05:49:00,SELL,0,normal
AAPL,T007,250,178.68546976054773,2024-01-01 03:15:00,BUY,0,normal
JPM,T019,106,195.02457419643366,2024-01-20 00:18:00,BUY,1,wash_trade
NVDA,T018,43,796.9345482871571,2024-01-01 13:54:00,SELL,0,normal
META,T013,72,506.5418700990275,2024-01-01 12:16:00,BUY,0,normal
JPM,T010,217,192.16406760932983,2024-01-01 04:23:00,SELL,0,normal
AMZN,T014,279,185.54937910208065,2024-01-01 07:23:00,BUY,0,normal
META,T005,23,512.8772673201845,2024-01-01 11:15:00,SELL,0,normal
TSLA,T008,61,252.07701291647112,2024-01-01 05:04:00,SELL,0,normal
MSFT,T006,80,378.65394800499524,2024-01-01 05:41:00,SELL,0,normal
TSLA,T004,312,251.31282670793308,2024-01-01 16:06:00,SELL,0,normal
AAPL,T013,148,170.1557652531823,2024-01-01 02:29:00,SELL,0,normal
NVDA,T007,74,816.0378028161012,2024-01-01 02:04:00,SELL,0,normal
AAPL,T011,120,179.30287455343424,2024-01-01 13:06:00,SELL,0,normal
NVDA,T010,253,789.9838137708064,2024-01-01 00:50:00,BUY,0,normal
AMZN,T017,35,186.13216629515557,2024-01-01 05:53:00,SELL,0,normal
MSFT,T004,41,372.92040111986853,2024-01-01 15:27:00,SELL,0,normal
MSFT,T006,94,386.1981650256247,2024-01-01 02:22:00,BUY,0,normal
META,T006,74,491.7077096262814,2024-01-01 07:50:00,SELL,0,normal
MSFT,T011,112,387.5886848462825,2024-01-01 06:39:00,SELL,0,normal
GOOGL,T018,281,138.67826248668257,2024-01-01 10:25:00,BUY,0,normal
MSFT,T016,383,386.04255643805936,2024-01-01 05:20:00,BUY,0,normal
AMZN,T011,399,184.72872902288557,2024-01-01 00:19:00,SELL,0,normal
JPM,T016,479,196.73625291687932,2024-01-01 13:29:00,SELL,0,normal
AAPL,T007,130,177.08234328262017,2024-01-01 13:10:00,BUY,0,normal
AMZN,T010,244,188.9998393876778,2024-01-01 13:28:00,SELL,0,normal
GOOGL,T007,96,138.49514062216437,2024-01-01 06:47:00,SELL,0,normal
AAPL,T001,445,171.2372091637155,2024-01-01 08:57:00,BUY,0,normal
AMZN,T007,198,183.46041777726478,2024-01-01 10:20:00,BUY,0,normal
MSFT,T001,147,373.5132892333296,2024-01-01 00:38:00,BUY,0,normal
AMZN,T012,345,184.59849202613793,2024-01-01 02:55:00,BUY,0,normal
AAPL,T020,400,177.8370276921475,2024-01-01 04:05:00,SELL,0,normal
NVDA,T002,12,776.2331522133094,2024-01-01 13:48:00,BUY,0,normal
NVDA,T014,12,813.1490930546075,2024-01-01 11:07:00,BUY,0,normal
TSLA,T018,258,255.97563075909062,2024-01-01 12:34:00,BUY,0,normal
META,T005,72,502.20922006387127,2024-01-01 14:18:00,SELL,0,normal
AMZN,T013,373,183.83710465672374,2024-01-01 02:34:00,BUY,0,normal
TSLA,T008,96,257.08519371900394,2024-01-01 04:47:00,BUY,0,normal
META,T011,336,493.3846212071057,2024-01-01 10:02:00,BUY,0,normal
TSLA,T001,292,253.95766100932536,2024-01-01 09:29:00,BUY,0,normal
MSFT,T015,420,379.59817290554383,2024-01-01 12:23:00,SELL,0,normal
GOOGL,T008,177,139.73964266370643,2024-01-01 00:17:00,BUY,0,normal
NVDA,T019,334,784.4221878357962,2024-01-01 02:07:00,BUY,0,normal
TSLA,T014,168,245.74933546276065,2024-01-01 05:22:00,SELL,0,normal
GOOGL,T007,201,136.26376363634702,2024-01-01 04:15:00,SELL,0,normal
META,T013,35,494.8377165059211,2024-01-01 10:57:00,BUY,0,normal
JPM,T008,217,197.30810184341018,2024-01-01 16:04:00,SELL,0,normal
META,T013,170,489.8582471074889,2024-01-01 03:10:00,SELL,0,normal
TSLA,T002,209,256.58208031310556,2024-01-01 01:55:00,SELL,0,normal
GOOGL,T014,142,138.7838298066181,2024-01-01 10:16:00,SELL,0,normal
MSFT,T017,402,390.8648171142653,2024-01-01 10:06:00,BUY,0,normal
JPM,T012,353,192.2625612096735,2024-01-01 03:00:00,BUY,0,normal
NVDA,T015,499,813.1720258193279,2024-01-01 05:01:00,BUY,0,normal
META,T005,90,504.61191417730765,2024-01-01 12:39:00,SELL,0,normal
META,T014,427,510.1440966449091,2024-01-01 11:52:00,SELL,0,normal
AAPL,T004,407,170.36790964199054,2024-01-01 12:03:00,SELL,0,normal
NVDA,T008,12,817.1292988119953,2024-01-01 11:25:00,SELL,0,normal
TSLA,T004,92,251.27787026957444,2024-01-01 16:19:00,BUY,0,normal
AAPL,T016,96,177.02572920115148,2024-01-01 08:37:00,BUY,0,normal
GOOGL,T004,9557,137.33987255970413,2024-01-15 00:20:00,SELL,1,volume_spike
JPM,T002,73,192.33926201976593,2024-01-01 00:45:00,SELL,0,normal
AAPL,T009,110,177.03552300919452,2024-01-01 15:09:00,BUY,0,normal
TSLA,T008,275,245.33254630713458,2024-01-01 02:37:00,SELL,0,normal
NVDA,T020,150,779.2149446303356,2024-01-01 14:11:00,BUY,0,normal
AAPL,T011,488,170.77677397317714,2024-01-01 02:51:00,SELL,0,normal
TSLA,T011,466,257.22080651879503,2024-01-01 00:16:00,BUY,0,normal
META,T010,58,496.3460156902904,2024-01-01 08:31:00,BUY,0,normal
META,T012,395,489.6326926406643,2024-01-01 00:48:00,BUY,0,normal
AMZN,T013,339,181.2303214971519,2024-01-01 16:11:00,BUY,0,normal
META,T008,258,505.4568771520123,2024-01-01 15:40:00,SELL,0,normal
AAPL,T009,217,179.48004012485347,2024-01-01 08:35:00,BUY,0,normal
TSLA,T017,241,253.97981835907956,2024-01-01 15:52:00,BUY,0,normal
MSFT,T016,187,390.30397641384474,2024-01-01 08:00:00,BUY,0,normal
AMZN,T017,64,188.46045132053385,2024-01-01 04:43:00,SELL,0,normal
GOOGL,T008,294,138.012974240598,2024-01-01 11:58:00,SELL,0,normal
META,T012,450,510.0659059433328,2024-01-01 14:37:00,BUY,0,normal
MSFT,T019,151,380.52646338356834,2024-01-01 03:45:00,SELL,0,normal
AMZN,T018,415,188.95414194214234,2024-01-01 00:26:00,BUY,0,normal
NVDA,T003,209,819.2133487815397,2024-01-01 15:54:00,BUY,0,normal
JPM,T009,151,189.99002656561254,2024-01-01 07:17:00,SELL,0,normal
MSFT,T010,54,373.1139610183055,2024-01-01 15:51:00,SELL,0,normal
AAPL,T004,375,172.02761928946077,2024-01-01 06:04:00,SELL,0,normal
GOOGL,T020,297,141.86342519076234,2024-01-01 03:49:00,SELL,0,normal
NVDA,T010,496,798.0660542937725,2024-01-01 00:37:00,SELL,0,normal
TSLA,T003,99,256.8545737694617,2024-01-01 16:05:00,SELL,0,normal
JPM,T005,281,191.1081704958369,2024-01-01 06:14:00,SELL,0,normal
JPM,T003,142,189.64785626646727,2024-01-01 07:49:00,BUY,0,normal
MSFT,T019,167,383.747063000301,2024-01-01 16:07:00,SELL,0,normal
JPM,T008,261,189.53133158599007,2024-01-01 14:10:00,SELL,0,normal
GOOGL,T008,115,138.7562115213929,2024-01-01 11:44:00,SELL,0,normal
META,T016,228,487.3622986964875,2024-01-01 14:01:00,SELL,0,normal
JPM,T001,355,199.88352839441384,2024-01-01 03:14:00,BUY,0,normal
MSFT,T009,107,374.5902347982582,2024-01-01 14:14:00,BUY,0,normal
NVDA,T015,313,796.5628470003903,2024-01-01 14:24:00,BUY,0,normal
NVDA,T003,297,793.7114505584166,2024-01-01 08:23:00,SELL,0,normal
AAPL,T007,330,177.68926850230227,2024-01-01 16:09:00,SELL,0,normal
GOOGL,T005,469,143.77053956005267,2024-01-01 13:50:00,SELL,0,normal
AAPL,T018,251,173.28100121948728,2024-01-01 09:39:00,SELL,0,normal
JPM,T001,100,194.26439809373767,2024-01-01 16:08:00,SELL,0,normal
AMZN,T019,295,186.57900184610472,2024-01-01 02:42:00,SELL,0,normal
MSFT,T002,431,371.65033050353986,2024-01-01 15:08:00,BUY,0,normal
JPM,T016,458,198.62630661640497,2024-01-01 02:32:00,SELL,0,normal
MSFT,T007,221,382.56361670697254,2024-01-01 13:21:00,BUY,0,normal
MSFT,T004,127,379.7418569749566,2024-01-20 00:06:00,SELL,1,wash_trade
AMZN,T016,237,182.26171436783264,2024-01-01 12:35:00,BUY,0,normal
NVDA,T009,327,791.0887012462355,2024-01-01 01:51:00,BUY,0,normal
NVDA,T011,159,785.0494512259597,2024-01-01 03:46:00,BUY,0,normal
AMZN,T011,468,184.04737048967866,2024-01-01 11:28:00,SELL,0,normal
AAPL,T012,362,178.53443693084327,2024-01-01 01:43:00,SELL,0,normal
META,T005,229,507.78023300067167,2024-01-01 07:01:00,SELL,0,normal
TSLA,T006,330,249.1942350787066,2024-01-01 06:59:00,BUY,0,normal
JPM,T016,42,193.3054291778283,2024-01-01 12:30:00,SELL,0,normal
META,T020,399,514.3413723736394,2024-01-01 09:46:00,BUY,0,normal
JPM,T008,101,195.39669590285175,2024-01-01 13:00:00,BUY,0,normal
META,T002,457,508.0062670432159,2024-01-01 11:12:00,BUY,0,normal
AAPL,T009,71,171.53289972461343,2024-01-01 01:59:00,SELL,0,normal
AMZN,T007,461,187.89206085230154,2024-01-01 00:53:00,BUY,0,normal
MSFT,T014,340,380.4312538487055,2024-01-01 02:31:00,BUY,0,normal
JPM,T018,68,200.67504635163417,2024-01-01 06:43:00,BUY,0,normal
AAPL,T003,433,170.8765141039991,2024-01-01 15:45:00,BUY,0,normal
JPM,T012,423,194.31230615722254,2024-01-01 03:27:00,SELL,0,normal
AAPL,T004,331,170.69217841628313,2024-01-01 10:58:00,SELL,0,normal
AAPL,T018,40,171.6474150555515,2024-01-01 14:03:00,BUY,0,normal
JPM,T010,65,190.25004806537532,2024-01-01 12:42:00,SELL,0,normal
GOOGL,T005,421,139.8847571464329,2024-01-01 00:08:00,SELL,0,normal
AAPL,T002,496,172.02082775287428,2024-01-01 13:27:00,BUY,0,normal
NVDA,T008,280,811.3555084695552,2024-01-01 00:36:00,SELL,0,normal
AMZN,T004,466,184.74728530073133,2024-01-01 07:32:00,BUY,0,normal
META,T018,464,485.98429998493185,2024-01-01 10:51:00,BUY,0,normal
MSFT,T015,66,381.4483298029055,2024-01-01 04:13:00,SELL,0,normal
JPM,T017,263,199.47144832284872,2024-01-01 05:03:00,SELL,0,normal
TSLA,T019,355,244.21028787001825,2024-01-01 12:26:00,SELL,0,normal
AMZN,T018,405,188.1918669919817,2024-01-01 09:31:00,BUY,0,normal
AMZN,T007,332,181.82352211618576,2024-01-01 10:23:00,SELL,0,normal
JPM,T018,455,199.61832440606236,2024-01-01 12:12:00,SELL,0,normal
META,T005,201,486.55249236811653,2024-01-01 14:51:00,BUY,0,normal
MSFT,T020,22,385.69329112381774,2024-01-01 04:22:00,BUY,0,normal
NVDA,T015,403,794.8082100756825,2024-01-01 10:10:00,BUY,0,normal
AMZN,T016,329,180.2720402853967,2024-01-01 04:57:00,SELL,0,normal
AAPL,T005,352,173.2522742280227,2024-01-01 06:54:00,BUY,0,normal
NVDA,T009,147,785.9839075380062,2024-01-01 02:30:00,BUY,0,normal
TSLA,T002,213,243.38078022475224,2024-01-01 13:08:00,SELL,0,normal
META,T006,432,500.5750170474297,2024-01-01 10:40:00,BUY,0,normal
MSFT,T016,187,372.022953893883,2024-01-01 14:49:00,SELL,0,normal
NVDA,T002,107,807.2640799395222,2024-01-01 09:10:00,BUY,0,normal
AAPL,T003,432,174.88343216544203,2024-01-01 14:46:00,SELL,0,normal
NVDA,T016,391,816.7898814946417,2024-01-01 08:08:00,BUY,0,normal
GOOGL,T013,77,140.59780584126824,2024-01-01 02:27:00,SELL,0,normal
AAPL,T018,385,169.79521064451063,2024-01-01 02:26:00,SELL,0,normal
GOOGL,T006,67,136.7675628478398,2024-01-01 12:00:00,BUY,0,normal
META,T018,288,508.76812511511207,2024-01-01 15:31:00,BUY,0,normal
JPM,T011,68,190.3685724774936,2024-01-01 12:19:00,SELL,0,normal
MSFT,T006,473,369.17467279447646,2024-01-01 10:59:00,BUY,0,normal
GOOGL,T014,160,139.9932314935467,2024-01-01 05:48:00,SELL,0,normal
AMZN,T009,415,188.44676884382375,2024-01-01 07:43:00,SELL,0,normal
GOOGL,T014,417,138.27816135318412,2024-01-01 05:25:00,BUY,0,normal
GOOGL,T001,96,137.68739158618533,2024-01-01 03:06:00,SELL,0,normal
AMZN,T004,337,183.92196365443468,2024-01-01 02:03:00,BUY,0,normal
GOOGL,T002,482,136.47432949139392,2024-01-01 14:13:00,BUY,0,normal
JPM,T018,195,192.67638744962616,2024-01-01 10:08:00,SELL,0,normal
AMZN,T005,73,183.64932995788402,2024-01-01 02:23:00,SELL,0,normal
JPM,T020,426,196.54005394340442,2024-01-01 15:58:00,BUY,0,normal
AAPL,T004,319,172.14044204139174,2024-01-01 03:17:00,BUY,0,normal
NVDA,T001,464,777.4913408033523,2024-01-01 10:09:00,SELL,0,normal
AAPL,T017,443,174.47008853179696,2024-01-01 04:39:00,BUY,0,normal
MSFT,T014,255,370.65203171582806,2024-01-01 04:53:00,BUY,0,normal
JPM,T020,327,192.69746429662473,2024-01-01 06:40:00,BUY,0,normal
META,T019,169,513.4788056902777,2024-01-01 02:02:00,SELL,0,normal
META,T011,309,489.05114288168704,2024-01-01 03:03:00,BUY,0,normal
AMZN,T014,207,187.8856324090781,2024-01-01 03:22:00,BUY,0,normal
AAPL,T018,133,178.17889862722828,2024-01-01 07:18:00,BUY,0,normal
NVDA,T003,75,792.1691141039969,2024-01-01 04:06:00,BUY,0,normal
META,T012,495,494.9203099083906,2024-01-01 06:55:00,SELL,0,normal
MSFT,T001,188,385.7700706385477,2024-01-01 15:32:00,SELL,0,normal
NVDA,T020,313,818.0608271852384,2024-01-01 12:45:00,BUY,0,normal
AMZN,T014,164,189.13035775223966,2024-01-01 15:06:00,BUY,0,normal
NVDA,T003,458,791.582896021296,2024-01-01 13:55:00,SELL,0,normal
GOOGL,T016,199,140.00555106155468,2024-01-01 14:47:00,SELL,0,normal
META,T001,19,492.94135131858616,2024-01-01 02:09:00,BUY,0,normal
MSFT,T011,364,391.2360214257662,2024-01-01 10:37:00,SELL,0,normal
MSFT,T007,481,391.07216111447383,2024-01-01 06:42:00,BUY,0,normal
AMZN,T012,107,190.17484914158675,2024-01-01 13:04:00,SELL,0,normal
META,T019,480,493.9060545652224,2024-01-01 12:50:00,BUY,0,normal
META,T018,191,502.62904923959127,2024-01-01 12:15:00,SELL,0,normal
JPM,T015,117,189.2508219084649,2024-01-01 15:13:00,SELL,0,normal
JPM,T013,233,193.77269149931033,2024-01-01 03:39:00,BUY,0,normal
JPM,T001,115,195.38902277503098,2024-01-01 10:41:00,BUY,0,normal
AMZN,T018,262,187.91098996616896,2024-01-01 15:15:00,BUY,0,normal
AAPL,T014,470,174.11969764070656,2024-01-01 12:32:00,BUY,0,normal
TSLA,T004,190,250.84285445196684,2024-01-01 13:26:00,BUY,0,normal
META,T007,488,487.1558649752288,2024-01-01 15:19:00,SELL,0,normal
TSLA,T003,181,256.00136917215525,2024-01-01 10:24:00,SELL,0,normal
META,T003,200,506.71235870575515,2024-01-01 14:34:00,BUY,0,normal
GOOGL,T009,317,138.6477332036154,2024-01-01 12:40:00,BUY,0,normal
AAPL,T007,170,172.10142948873656,2024-01-01 06:26:00,BUY,0,normal
AMZN,T002,89,181.69669860249175,2024-01-01 16:12:00,SELL,0,normal
GOOGL,T011,114,137.60804748470485,2024-01-01 08:29:00,SELL,0,normal
MSFT,T010,467,373.52308522183284,2024-01-01 04:27:00,BUY,0,normal
JPM,T011,32,192.57004505813092,2024-01-01 13:39:00,BUY,0,normal
MSFT,T020,287,372.6721752058943,2024-01-01 07:21:00,SELL,0,normal
AAPL,T010,421,177.41269805395982,2024-01-01 08:16:00,SELL,0,normal
TSLA,T017,207,248.52492451014064,2024-01-01 01:52:00,SELL,0,normal
NVDA,T012,440,788.7302458934031,2024-01-01 11:31:00,SELL,0,normal
AAPL,T010,150,173.446532079512,2024-01-01 03:52:00,BUY,0,normal
AAPL,T004,72,170.47596942257624,2024-01-01 14:29:00,SELL,0,normal
TSLA,T002,320,245.29724942133797,2024-01-01 10:07:00,BUY,0,normal
TSLA,T001,343,249.01523872337944,2024-01-01 11:11:00,SELL,0,normal
MSFT,T019,413,390.0565392926351,2024-01-01 06:13:00,BUY,0,normal
JPM,T004,8986,192.8993221610924,2024-01-15 00:05:00,SELL,1,volume_spike
JPM,T007,494,193.6507966301377,2024-01-01 14:02:00,SELL,0,normal
NVDA,T018,117,806.6347305404643,2024-01-01 03:53:00,BUY,0,normal
TSLA,T019,208,250.32970171177078,2024-01-01 13:05:00,BUY,0,normal
TSLA,T017,174,243.91512253959482,2024-01-01 11:16:00,SELL,0,normal
META,T014,35,505.581496085177,2024-01-01 05:17:00,SELL,0,normal
JPM,T008,267,190.41651846525582,2024-01-01 10:48:00,BUY,0,normal
GOOGL,T007,31,140.04622368259936,2024-01-01 06:50:00,SELL,0,normal
AAPL,T015,364,173.59910116674004,2024-01-01 14:58:00,SELL,0,normal
AMZN,T002,482,190.2144645250242,2024-01-01 11:49:00,BUY,0,normal
AAPL,T016,426,179.42769233449448,2024-01-01 05:58:00,SELL,0,normal
GOOGL,T006,150,136.05949983110267,2024-01-01 04:18:00,BUY,0,normal
NVDA,T011,43,820.2731666502082,2024-01-01 12:24:00,SELL,0,normal
MSFT,T012,167,379.8768851066175,2024-01-01 10:27:00,BUY,0,normal
AMZN,T014,270,188.4070808903298,2024-01-01 10:32:00,SELL,0,normal
META,T009,231,511.6417608504461,2024-01-01 04:42:00,SELL,0,normal
META,T007,232,494.78715086492167,2024-01-01 06:16:00,BUY,0,normal
AAPL,T012,297,178.6721670097129,2024-01-01 06:24:00,SELL,0,normal
META,T014,320,505.33915557635135,2024-01-01 03:44:00,BUY,0,normal
AMZN,T020,120,180.52597341386138,2024-01-01 15:53:00,SELL,0,normal
NVDA,T010,277,785.8092581701586,2024-01-01 13:34:00,SELL,0,normal
AMZN,T002,89,184.04462654150606,2024-01-01 07:52:00,BUY,0,normal
JPM,T002,85,194.67890500504123,2024-01-01 05:47:00,SELL,0,normal
AMZN,T018,105,181.88733347344322,2024-01-01 08:25:00,BUY,0,normal
JPM,T020,200,191.05542164953962,2024-01-01 10:39:00,SELL,0,normal
GOOGL,T019,7960,136.87672941473556,2024-01-15 00:35:00,SELL,1,volume_spike
AMZN,T001,82,180.825577409564,2024-01-01 15:28:00,BUY,0,normal
META,T004,27,489.4982443380218,2024-01-01 15:05:00,BUY,0,normal
GOOGL,T015,288,139.71867781036207,2024-01-01 10:19:00,SELL,0,normal
NVDA,T003,56,823.329427667678,2024-01-01 14:15:00,BUY,0,normal
JPM,T020,27,199.00672351699623,2024-01-01 13:23:00,BUY,0,normal
MSFT,T020,380,389.75083957595626,2024-01-01 10:45:00,SELL,0,normal
GOOGL,T003,151,137.266111905665,2024-01-01 14:06:00,BUY,0,normal
META,T004,349,509.309076658204,2024-01-01 09:16:00,BUY,0,normal
META,T012,473,505.75541183856967,2024-01-01 15:57:00,BUY,0,normal
TSLA,T016,254,250.7048168136733,2024-01-01 09:37:00,SELL,0,normal
MSFT,T003,436,371.4856544604263,2024-01-01 13:15:00,BUY,0,normal
META,T008,495,507.894664694597,2024-01-01 01:25:00,BUY,0,normal
AAPL,T020,29,180.03977466884666,2024-01-01 04:02:00,SELL,0,normal
AAPL,T019,339,173.19198106728686,2024-01-01 11:38:00,SELL,0,normal
NVDA,T011,353,795.6823417719197,2024-01-01 02:39:00,SELL,0,normal
MSFT,T012,178,379.4369680877462,2024-01-01 08:44:00,BUY,0,normal
AAPL,T017,11,175.06050430479877,2024-01-01 00:35:00,SELL,0,normal
META,T018,352,486.42117520188464,2024-01-01 09:00:00,SELL,0,normal
AAPL,T008,361,177.67301795129043,2024-01-01 02:50:00,SELL,0,normal
TSLA,T009,61,248.1793139115178,2024-01-01 10:54:00,SELL,0,normal
AAPL,T001,105,178.47239135683228,2024-01-01 14:50:00,SELL,0,normal
AAPL,T007,434,171.83023628482695,2024-01-01 14:17:00,SELL,0,normal
AAPL,T020,162,177.77279856092355,2024-01-01 14:07:00,BUY,0,normal
GOOGL,T008,329,139.89176952729795,2024-01-01 15:44:00,SELL,0,normal
NVDA,T015,218,784.9267721540341,2024-01-01 12:13:00,BUY,0,normal
MSFT,T004,189,379.1092357164669,2024-01-01 01:35:00,BUY,0,normal
GOOGL,T012,206,139.33875307253933,2024-01-01 09:23:00,BUY,0,normal
GOOGL,T013,189,142.41745994536652,2024-01-01 04:00:00,BUY,0,normal
META,T014,118,511.1759524744549,2024-01-01 12:22:00,SELL,0,normal
AAPL,T010,402,180.05055051921462,2024-01-01 09:34:00,BUY,0,normal
JPM,T016,441,194.39412822458263,2024-01-01 11:30:00,BUY,0,normal
META,T016,136,504.3202820434961,2024-01-01 07:40:00,SELL,0,normal
MSFT,T004,379,374.2611088517847,2024-01-01 09:13:00,SELL,0,normal
AAPL,T001,147,180.135465364749,2024-01-01 14:48:00,SELL,0,normal
NVDA,T003,164,810.9619983558277,2024-01-01 03:26:00,SELL,0,normal
MSFT,T009,360,391.1783403857148,2024-01-01 06:32:00,BUY,0,normal
AMZN,T016,495,185.68830183931283,2024-01-01 13:14:00,SELL,0,normal
GOOGL,T016,117,137.51242926956817,2024-01-01 06:37:00,SELL,0,normal
TSLA,T020,76,244.54705831066767,2024-01-01 12:46:00,BUY,0,normal
NVDA,T013,397,799.8218596558033,2024-01-01 14:08:00,SELL,0,normal
AAPL,T020,245,175.0554076840775,2024-01-01 03:37:00,BUY,0,normal
AMZN,T012,410,185.21700053901762,2024-01-01 00:04:00,BUY,0,normal
GOOGL,T017,294,138.8940909793333,2024-01-01 12:48:00,SELL,0,normal
NVDA,T019,392,784.5397994382149,2024-01-01 10:42:00,BUY,0,normal
TSLA,T019,105,250.82883429850082,2024-01-01 15:29:00,BUY,0,normal
NVDA,T008,367,808.6416768995788,2024-01-01 10:12:00,SELL,0,normal
META,T009,73,489.68873965882926,2024-01-01 12:18:00,BUY,0,normal
AMZN,T007,235,182.5539632530381,2024-01-01 09:06:00,SELL,0,normal
AAPL,T018,246,178.3169627623625,2024-01-01 12:05:00,SELL,0,normal
JPM,T012,238,198.50090818341096,2024-01-01 11:23:00,BUY,0,normal
META,T009,203,499.3160189984878,2024-01-01 01:38:00,SELL,0,normal
META,T015,110,511.07161358831013,2024-01-01 13:24:00,BUY,0,normal
AAPL,T019,286,175.12855119661958,2024-01-01 12:07:00,BUY,0,normal
AAPL,T013,93,179.50620763884623,2024-01-01 09:33:00,BUY,0,normal
AMZN,T012,175,182.43734855802316,2024-01-01 06:46:00,BUY,0,normal
JPM,T006,242,197.72755635234668,2024-01-01 08:22:00,SELL,0,normal
JPM,T006,84,200.33574591641474,2024-01-01 00:47:00,SELL,0,normal
AAPL,T005,150,173.64457937618752,2024-01-01 00:32:00,SELL,0,normal
NVDA,T012,178,792.5784028721356,2024-01-01 12:59:00,BUY,0,normal
JPM,T006,204,199.65800494186283,2024-01-01 13:59:00,BUY,0,normal
MSFT,T013,406,375.5722452152393,2024-01-01 03:20:00,SELL,0,normal
NVDA,T004,89,787.292306643951,2024-01-01 02:14:00,BUY,0,normal
NVDA,T011,113,806.2911412578507,2024-01-01 00:27:00,SELL,0,normal
AAPL,T015,224,170.3410325363109,2024-01-01 14:40:00,BUY,0,normal
AMZN,T013,187,189.63824596254565,2024-01-01 03:50:00,BUY,0,normal
TSLA,T002,94,251.70742383713517,2024-01-01 08:09:00,SELL,0,normal
AAPL,T013,466,173.62322299774345,2024-01-01 12:52:00,SELL,0,normal
AMZN,T003,31,184.02607042075124,2024-01-01 06:18:00,BUY,0,normal
TSLA,T020,86,256.04339031445426,2024-01-01 04:48:00,SELL,0,normal
MSFT,T001,493,387.9918760394069,2024-01-01 06:58:00,SELL,0,normal
TSLA,T004,50,247.12689433746627,2024-01-01 11:14:00,SELL,0,normal
GOOGL,T007,377,144.14558919442507,2024-01-01 06:31:00,SELL,0,normal
GOOGL,T015,116,140.03413681514223,2024-01-01 09:52:00,BUY,0,normal
JPM,T005,242,194.6778835275045,2024-01-01 08:18:00,SELL,0,normal
MSFT,T015,378,378.4030207377211,2024-01-01 02:18:00,SELL,0,normal
MSFT,T009,332,381.1454649755083,2024-01-01 01:02:00,SELL,0,normal
NVDA,T001,265,797.8349312831667,2024-01-01 07:51:00,SELL,0,normal
TSLA,T012,136,243.09340312585286,2024-01-01 10:47:00,BUY,0,normal
TSLA,T019,159,254.67982302265818,2024-01-01 02:08:00,SELL,0,normal
AAPL,T011,386,170.26527750110486,2024-01-01 16:16:00,SELL,0,normal
MSFT,T011,329,370.6155722279754,2024-01-01 08:40:00,SELL,0,normal
AAPL,T003,356,176.03076274042814,2024-01-01 13:58:00,BUY,0,normal
NVDA,T018,70,804.1364621730066,2024-01-01 16:02:00,SELL,0,normal
AMZN,T015,45,180.22624110939316,2024-01-01 01:04:00,SELL,0,normal
META,T007,109,495.17070877759477,2024-01-01 13:32:00,BUY,0,normal
META,T011,283,504.1282694068715,2024-01-01 00:14:00,SELL,0,normal
GOOGL,T015,480,138.92096295061344,2024-01-01 02:36:00,SELL,0,normal
GOOGL,T002,440,136.90170342115155,2024-01-01 00:40:00,SELL,0,normal
NVDA,T009,56,803.4484148730133,2024-01-01 08:12:00,SELL,0,normal
MSFT,T008,55,385.9198615925858,2024-01-01 06:19:00,BUY,0,normal
AMZN,T008,468,188.8480486606415,2024-01-01 03:07:00,BUY,0,normal
JPM,T001,194,200.2632611450156,2024-01-01 12:43:00,BUY,0,normal
AAPL,T015,61,175.0301868382937,2024-01-01 03:36:00,BUY,0,normal
AMZN,T008,49,190.40250222817502,2024-01-01 13:11:00,SELL,0,normal
MSFT,T015,85,388.72842290557696,2024-01-01 00:52:00,SELL,0,normal
TSLA,T011,115,243.83393114575424,2024-01-01 14:38:00,SELL,0,normal
MSFT,T012,250,378.78792560704267,2024-01-01 05:37:00,SELL,0,normal
MSFT,T009,367,390.2028414270211,2024-01-01 12:28:00,SELL,0,normal
TSLA,T020,193,256.4439845801076,2024-01-01 11:59:00,BUY,0,normal
NVDA,T019,257,804.6970895938978,2024-01-01 12:04:00,BUY,0,normal
TSLA,T015,346,243.5695680127727,2024-01-01 04:55:00,BUY,0,normal
TSLA,T001,389,246.36058469582719,2024-01-01 11:41:00,SELL,0,normal
AMZN,T015,389,181.89375259179053,2024-01-01 04:11:00,SELL,0,normal
META,T020,129,487.0258194325416,2024-01-01 12:06:00,BUY,0,normal
GOOGL,T011,381,140.9273945170642,2024-01-01 07:41:00,SELL,0,normal
TSLA,T003,248,243.18944874010208,2024-01-01 07:35:00,SELL,0,normal
AAPL,T007,171,175.1126582522701,2024-01-20 00:12:00,SELL,1,wash_trade
NVDA,T005,157,780.4919813762419,2024-01-01 13:35:00,BUY,0,normal
AAPL,T017,72,178.43100477889695,2024-01-01 14:22:00,BUY,0,normal
TSLA,T020,490,254.189049153622,2024-01-01 04:29:00,BUY,0,normal
JPM,T019,129,196.39132165973024,2024-01-01 03:21:00,SELL,0,normal
META,T007,476,510.8544325344804,2024-01-01 02:41:00,SELL,0,normal
TSLA,T001,411,248.411079612527,2024-01-01 09:15:00,BUY,0,normal
META,T005,491,504.8877335461076,2024-01-01 12:09:00,BUY,0,normal
NVDA,T006,378,797.1108340390624,2024-01-01 06:41:00,SELL,0,normal
GOOGL,T001,83,140.02250632828697,2024-01-01 11:42:00,BUY,0,normal
NVDA,T020,323,785.6647193145303,2024-01-01 07:56:00,BUY,0,normal
META,T010,468,506.24553460277355,2024-01-01 13:41:00,BUY,0,normal
JPM,T018,265,189.85937968361603,2024-01-01 12:51:00,SELL,0,normal
NVDA,T017,259,786.8085279730661,2024-01-01 01:45:00,SELL,0,normal
GOOGL,T012,168,142.3756927514486,2024-01-01 09:25:00,SELL,0,normal
GOOGL,T013,257,138.00811919014217,2024-01-01 06:29:00,BUY,0,normal
NVDA,T015,494,785.0193717937509,2024-01-01 00:01:00,SELL,0,normal
GOOGL,T010,316,138.29826045638606,2024-01-01 15:37:00,BUY,0,normal
NVDA,T002,8279,789.6063464116811,2024-01-15 00:10:00,BUY,1,volume_spike
AAPL,T005,31,175.15890045688496,2024-01-01 09:21:00,BUY,0,normal
JPM,T016,151,190.68141687095078,2024-01-01 01:20:00,SELL,0,normal
MSFT,T007,462,389.9980612643123,2024-01-01 03:25:00,SELL,0,normal
JPM,T011,379,198.6518386458886,2024-01-01 00:34:00,BUY,0,normal
JPM,T007,78,191.4544266486543,2024-01-01 12:55:00,BUY,0,normal
MSFT,T003,23,385.33853668334893,2024-01-01 08:28:00,SELL,0,normal
NVDA,T018,488,789.2014899502522,2024-01-01 07:07:00,BUY,0,normal
TSLA,T007,192,245.8662383901203,2024-01-01 07:34:00,SELL,0,normal
AMZN,T018,177,179.45630623477427,2024-01-01 06:06:00,SELL,0,normal
NVDA,T005,158,805.448791267032,2024-01-01 01:31:00,SELL,0,normal
JPM,T008,447,190.16452435862544,2024-01-01 05:39:00,SELL,0,normal
AAPL,T018,392,174.14503530929528,2024-01-01 14:57:00,SELL,0,normal
JPM,T005,40,190.32336256239444,2024-01-01 09:24:00,BUY,0,normal
MSFT,T004,57,381.04420091485974,2024-01-01 05:45:00,BUY,0,normal
AMZN,T007,291,182.35704975766856,2024-01-01 12:56:00,SELL,0,normal
TSLA,T012,13,248.24174744170384,2024-01-01 04:01:00,BUY,0,normal
NVDA,T009,177,786.9424530667128,2024-01-01 00:13:00,SELL,0,normal
META,T011,218,510.2621045531672,2024-01-01 05:15:00,BUY,0,normal
TSLA,T006,292,255.3929618771399,2024-01-01 10:00:00,SELL,0,normal
NVDA,T010,378,789.7708358510458,2024-01-01 06:27:00,SELL,0,normal
JPM,T016,77,200.36462893951278,2024-01-01 04:33:00,BUY,0,normal
MSFT,T011,160,377.7964803940801,2024-01-01 02:46:00,SELL,0,normal
MSFT,T007,398,391.28621471498286,2024-01-01 14:00:00,SELL,0,normal
GOOGL,T014,182,140.01368852492183,2024-01-20 00:04:00,SELL,1,wash_trade
AMZN,T012,270,182.386774483816,2024-01-01 10:46:00,BUY,0,normal
META,T010,200,490.993847919744,2024-01-01 13:38:00,BUY,0,normal
AMZN,T018,303,189.50551462887734,2024-01-01 08:04:00,BUY,0,normal
GOOGL,T019,5732,140.3607103284882,2024-01-15 00:00:00,BUY,1,volume_spike
MSFT,T009,237,372.5856084061125,2024-01-01 08:24:00,BUY,0,normal
GOOGL,T014,86,142.1546256009094,2024-01-01 13:51:00,BUY,0,normal
META,T014,174,511.5058950927113,2024-01-01 04:03:00,SELL,0,normal
GOOGL,T014,239,143.71619570679158,2024-01-01 09:26:00,BUY,0,normal
TSLA,T018,276,243.49597418564912,2024-01-01 14:35:00,SELL,0,normal
AMZN,T002,112,183.2776269793271,2024-01-01 09:22:00,SELL,0,normal
AMZN,T016,288,180.53650441038494,2024-01-01 11:26:00,BUY,0,normal
MSFT,T019,428,369.4006632933004,2024-01-01 03:09:00,SELL,0,normal
AAPL,T001,260,173.72811354165356,2024-01-01 13:02:00,BUY,0,normal
AAPL,T011,88,175.02637651801902,2024-01-01 11:39:00,SELL,0,normal
NVDA,T002,286,820.4329600993627,2024-01-01 07:55:00,SELL,0,normal
GOOGL,T013,253,136.08710705179737,2024-01-01 11:21:00,SELL,0,normal
JPM,T006,447,199.20686526100113,2024-01-01 08:30:00,BUY,0,normal
META,T009,362,489.42277860456755,2024-01-01 00:58:00,SELL,0,normal
META,T012,230,509.7324662805048,2024-01-01 07:54:00,SELL,0,normal
TSLA,T010,226,242.82747087468718,2024-01-01 09:20:00,SELL,0,normal
GOOGL,T019,340,137.55526070287075,2024-01-01 14:16:00,BUY,0,normal
MSFT,T012,158,389.7956138801123,2024-01-01 12:27:00,SELL,0,normal
GOOGL,T020,306,141.78010960894406,2024-01-01 04:12:00,BUY,0,normal
MSFT,T015,315,387.34646885093883,2024-01-01 00:21:00,SELL,0,normal
MSFT,T001,235,372.1005192564847,2024-01-01 05:13:00,SELL,0,normal
AAPL,T020,215,174.3613743886623,2024-01-01 07:39:00,BUY,0,normal
JPM,T018,386,194.75917977522892,2024-01-01 02:40:00,SELL,0,normal
AMZN,T005,132,187.7083414219144,2024-01-01 04:36:00,BUY,0,normal
TSLA,T004,224,253.38551456083803,2024-01-01 15:55:00,SELL,0,normal
META,T013,167,504.1775102106851,2024-01-01 03:11:00,BUY,0,normal
AAPL,T001,136,180.23770041502544,2024-01-01 06:25:00,SELL,0,normal
NVDA,T005,271,777.7486493927784,2024-01-01 13:25:00,SELL,0,normal
GOOGL,T015,205,142.0930629214505,2024-01-01 06:53:00,BUY,0,normal
NVDA,T014,446,796.0281732732169,2024-01-01 08:11:00,BUY,0,normal
TSLA,T018,440,246.05593115476995,2024-01-01 05:43:00,SELL,0,normal
AMZN,T015,236,185.4126163964277,2024-01-01 12:49:00,SELL,0,normal
MSFT,T003,67,376.490255162228,2024-01-01 05:08:00,BUY,0,normal
META,T002,202,507.69948282249845,2024-01-01 11:01:00,BUY,0,normal
TSLA,T013,444,256.19927775552964,2024-01-01 02:10:00,BUY,0,normal
GOOGL,T012,462,143.59961987048158,2024-01-01 11:03:00,BUY,0,normal
GOOGL,T006,399,136.38076056471536,2024-01-01 14:31:00,BUY,0,normal
GOOGL,T017,207,139.9522420816908,2024-01-01 01:39:00,BUY,0,normal
AMZN,T010,141,181.16254269208957,2024-01-01 06:12:00,BUY,0,normal
MSFT,T013,270,379.95284624358663,2024-01-01 01:27:00,SELL,0,normal
NVDA,T007,151,776.8850145380093,2024-01-01 07:38:00,BUY,0,normal
TSLA,T011,203,251.6550308318527,2024-01-01 05:30:00,BUY,0,normal
META,T011,124,488.53531702717487,2024-01-01 03:34:00,BUY,0,normal
GOOGL,T019,87,139.79018852963662,2024-01-01 07:46:00,BUY,0,normal
META,T010,54,486.7383603361439,2024-01-01 02:01:00,BUY,0,normal
META,T015,388,505.24438257217605,2024-01-01 10:14:00,SELL,0,normal
TSLA,T017,332,243.40496227861334,2024-01-01 00:20:00,SELL,0,normal
TSLA,T019,223,248.7661492954426,2024-01-01 11:40:00,BUY,0,normal
GOOGL,T008,96,137.82232579819984,2024-01-01 01:11:00,BUY,0,normal
NVDA,T017,365,814.0642389900623,2024-01-01 01:46:00,BUY,0,normal
MSFT,T005,320,374.2019541402856,2024-01-01 04:30:00,SELL,0,normal
JPM,T009,274,195.94112807727328,2024-01-01 14:20:00,BUY,0,normal
AAPL,T016,331,174.41922429411284,2024-01-01 07:15:00,BUY,0,normal
NVDA,T020,83,802.5038097586124,2024-01-01 01:42:00,SELL,0,normal
